{
  "openapi": "3.0.0",
  "info": {
    "title": "Book API",
    "description": "API for managing books",
    "version": "1.0.0"
  },
  "paths": {
    "/books": {
      "post": {
        "summary": "Create a book",
        "tags": [
          "Books"
        ],
        "requestBody": {
          "content": {
            "application/json": {
              "schema": {
                "$ref": "#/components/schemas/Book"
              },
              "example": {
                "title": "The Great Gatsby",
                "author": "F. Scott Fitzgerald",
                "ISBN": "9780744066868"
              }
            }
          }
        },
        "responses": {
          "201": {
            "description": "Book created"
          },
          "400": {
            "description": "Bad Request"
          }
        }
      },
      "get": {
        "summary": "Get all books",
        "tags": [
          "Books"
        ],
        "security": [
          {
            "bearerAuth": []
          }
        ],
        "responses": {
          "200": {
            "description": "List of books",
            "content": {
              "application/json": {
                "schema": {
                  "type": "array",
                  "items": {
                    "$ref": "#/components/schemas/Book"
                  }
                }
              }
            }
          },
          "500": {
            "description": "Internal Server Error"
          }
        }
      }
    },
    "/books/{title}": {
      "get": {
        "summary": "Find a book by title",
        "tags": [
          "Books"
        ],
        "parameters": [
          {
            "name": "title",
            "in": "path",
            "required": true,
            "schema": {
              "type": "string"
            }
          }
        ],
        "responses": {
          "200": {
            "description": "Book found",
            "content": {
              "application/json": {
                "schema": {
                  "$ref": "#/components/schemas/Book"
                }
              }
            }
          },
          "404": {
            "description": "Book not found"
          },
          "500": {
            "description": "Internal Server Error"
          }
        }
      }
    },
    "/books/{id}": {
      "put": {
        "summary": "Update a book",
        "tags": [
          "Books"
        ],
        "parameters": [
          {
            "name": "id",
            "in": "path",
            "required": true,
            "schema": {
              "type": "string"
            }
          }
        ],
        "requestBody": {
          "content": {
            "application/json": {
              "schema": {
                "$ref": "#/components/schemas/Book"
              }
            }
          }
        },
        "responses": {
          "200": {
            "description": "Book updated",
            "content": {
              "application/json": {
                "schema": {
                  "$ref": "#/components/schemas/Book"
                }
              }
            }
          },
          "404": {
            "description": "Book not found"
          },
          "400": {
            "description": "Bad Request"
          }
        }
      },
      "delete": {
        "summary": "Delete a book",
        "tags": [
          "Books"
        ],
        "parameters": [
          {
            "name": "id",
            "in": "path",
            "required": true,
            "schema": {
              "type": "string"
            }
          }
        ],
        "responses": {
          "204": {
            "description": "Book deleted"
          },
          "404": {
            "description": "Book not found"
          },
          "500": {
            "description": "Internal Server Error"
          }
        }
      }
    },
    "/auth/register": {
      "post": {
        "summary": "Register user",
        "tags": [
          "Auth"
        ],
        "requestBody": {
          "required": true,
          "content": {
            "application/json": {
              "schema": {
                "type": "object",
                "properties": {
                  "username": {
                    "type": "string"
                  },
                  "password": {
                    "type": "string"
                  }
                }
              }
            }
          }
        },
        "responses": {
          "201": {
            "description": "User registered successfully",
            "content": {
              "application/json": {
                "schema": {
                  "type": "object",
                  "properties": {
                    "message": {
                      "type": "string"
                    }
                  }
                }
              }
            }
          }
        }
      }
    },
    "/auth/login": {
      "post": {
        "summary": "Login user",
        "tags": [
          "Auth"
        ],
        "requestBody": {
          "required": true,
          "content": {
            "application/json": {
              "schema": {
                "type": "object",
                "properties": {
                  "username": {
                    "type": "string"
                  },
                  "password": {
                    "type": "string"
                  }
                }
              }
            }
          }
        },
        "responses": {
          "200": {
            "description": "Login successful",
            "content": {
              "application/json": {
                "schema": {
                  "type": "object",
                  "properties": {
                    "token": {
                      "type": "string"
                    }
                  }
                }
              }
            }
          },
          "401": {
            "description": "Unauthorized"
          }
        }
      }
    }
  },
  "components": {
    "schemas": {
      "Book": {
        "type": "object",
        "properties": {
          "title": {
            "type": "string"
          },
          "author": {
            "type": "string"
          },
          "ISBN": {
            "type": "string"
          }
        }
      }
    },
    "securitySchemes": {
      "bearerAuth": {
        "type": "http",
        "scheme": "bearer",
        "bearerFormat": "JWT"
      }
    }
  }
}